"nt","nz","a","b","bmin","bmax","b3","dxK","dyK","zK","dxO","dyO","zO","x0","y0","z0","y1","z1","x2","z2","x3","y3","dab","dbh","db12","db","odev","inv","cen","rot","invK","cenK","rotK","dgam","amin","amax","tK","pK","tO","pO","d1","d2","d3","d4","d5","dxK","dyK","dxO","dyO","SG","SG0","g2","file","EpK","tem","cation","cnf","L","met","fntag"
"i","i","Ao","Ao","Ao","Ao","Ao","Ao","Ao","Ao","Ao","Ao","Ao","mAo","mAo","mAo","mAo","mAo","mAo","mAo","mAo","mAo","mAo","mAo","mAo","mAo","mAo","mAo","mAo","mAo","mAo","mAo","mAo","deg","deg","deg","deg","deg","deg","deg","deg","deg","deg","deg","deg","Ao","Ao","Ao","Ao","str","str","str","str","meV","K","str","str","c","str","str"
3,2,6.27945517000000,6.27945517000000,3.17687680291317,3.19376036164146,3.15604660145967,.897577125850735,.0821630341563653,2.48204556,-.484113969339057,-.576395636562593,5.42653405714286,0.,0.,0.,494.483481899834,209.40192,-341.234535323139,209.40192,-414.70820354973,-153.350090467414,0.,16.8835587282933,16.8835587282928,16.8835587282943,123.750345612961,2.56395024851142e-013,5.7062295426233e-013,3.28067733708365e-011,6.5996951182155e-013,5.11038112393585e-012,2.8596550384964e-012,-2.7945823,160.588833336856,160.588833336856,67.2391755619287,176.107429780203,89.758228523387,175.732921498364,171.244981444762,97.2234243525154,0,0,0,.897577125850735,.0821630341563653,-.484113969339057,-.576395636562593,"Pbca","Pbca","-x+1/2,-y+1,z+1/2","BC1A_Mao16a_L4",0,293.,"BC1A","","2","Mao16a",""
3,2,6.14301737500000,6.14301737500000,3.16589663584772,3.17086846804603,3.15205236602763,-.345563933948917,.539953787322704,2.482825,.428236183648468,-1.61372552347581,5.47876716666667,0.,0.,0.,530.995463123941,567.91355,-678.700029136971,567.91355,-250.563147870424,-659.111770843237,0.,4.97183219831532,4.97183219831487,4.97183219831587,83.6408585417033,5.76888805915069e-013,9.12704168179532e-013,2.32187735646408e-011,4.01652779576605e-013,1.36306857727337e-012,4.00663223973125e-012,2.7702406,151.590402785563,151.590402785563,37.1313455606655,-122.515609281927,40.3217877351219,-63.626157752629,188.232225115218,181.069974660474,178.379818588622,179.241623797773,0,-.345563933948917,.539953787322704,.428236183648468,-1.61372552347581,"Pbca","Pbca","-x+1/2,-y+1,z+1/2","C4A_Zhang22e_125K_L4",0,125.15,"C4A","","2","Zhang22e","125K"
3,2,6.18168885000000,6.18168885000000,3.14228973836924,3.14728630111279,3.16865050687928,.85447247632027,.00741623386534362,2.5462801,-1.0648876629806,-.00885827933916072,5.64797846666667,0.,0.,0.,562.58314063521,140.96957,-494.55420437963,140.96957,-301.499360947954,-124.530926988899,0.,4.99656274354343,4.99656274354332,4.99656274354399,83.2607177548625,0.,6.38629598872777e-013,2.38788407724575e-011,6.5071705969111e-013,2.17891407607261e-012,4.60850732219512e-012,-1.2596869,158.744820363479,158.744820363479,61.2394035773352,-178.997497214534,30.5916857470432,176.149210058454,213.699086825521,182.935922787301,187.486907693126,205.992519370566,0,.85447247632027,.00741623386534362,-1.0648876629806,-.00885827933916072,"Pbca","Pbca","-x+1/2,-y+1,z+1/2","C4A_Zhang22e_275K_L4",0,275.,"C4A","","2","Zhang22e","275K"
3,1,6.12984165500000,6.12984165500000,3.13982714060904,3.15328524699275,3.12663300756302,.00353488144909253,.535732171728799,2.45734819636266,-1.04035474676014,-1.66003095478592,6.12393627845737,0.,0.,0.,430.922902435622,566.903175001531,-206.130153931135,566.903175001531,-325.699381377601,-573.877343086746,0.,13.4581063836925,13.4581063836917,13.4581063836956,146.371508194894,2.56395024851142e-013,6.76082371806797e-013,1.56836481535565e-011,9.26252671967094e-013,1.09867037488261e-012,8.82283675155203e-012,-4.1939042,153.840254218186,153.840254218186,24.310672469674,-62.7794984783776,29.8372309592372,-108.899636429962,181.937689737021,184.673368722175,186.568406517568,182.126744186484,181.262290074193,.00353488144909253,.535732171728799,-1.04035474676014,-1.66003095478592,"P21/b11","P21/c","","C5A_Hossain24_L4",0,100.0,"C5A","","1","Hossain24",""
3,1,6.17148780500000,6.17148780500000,3.13265674498148,3.15112297579596,3.18686007983708,.869239700015174,-.0560558053346871,2.57199641894581,-1.91583727195484,.501996832326624,6.64233403904162,0.,0.,0.,586.027067642113,78.9025250228672,-505.079819718834,78.9025250228672,-298.553285231188,-100.000546450648,0.,18.4662308144657,18.4662308144653,18.4662308144663,101.18528633581,5.73316704659901e-013,8.73933417532002e-013,1.11890605519361e-011,1.37898984239814e-012,1.91799209225395e-012,6.45369099685479e-012,-1.5040259,158.303875513826,158.303875513826,63.9926116202063,179.910510098969,32.4593345925766,162.811133035921,182.498597028179,185.324243421492,189.933075322311,177.258789429919,175.933895792926,.869239700015174,-.0560558053346871,-1.91583727195484,.501996832326624,"P21/b11","P21/c","","C6A_Zhang22e_125K_L4",0,125.0,"C6A","","1","Zhang22e","125K"
3,2,6.18276694000000,6.18276694000000,3.14213179033596,3.14952471322156,3.16677895809599,.908024672365854,.0352272163977667,2.52177909,-1.26529972138026,-.0106299670533607,6.85557584,0.,0.,0.,567.405392540167,132.794074,-478.440351826186,132.794074,-296.373625299881,-106.546879069736,0.,7.39292288558324,7.39292288558313,7.39292288558424,87.8189931917145,0.,5.44839427808676e-013,1.48451079547584e-011,1.03451155105713e-012,2.51566537974005e-012,4.30716020670464e-012,-1.6467672,158.649555892781,158.649555892781,60.3848095275858,-178.039083395262,15.8442023984451,179.04443433496,179.278593112357,178.255039072764,180.407868949551,177.555328080763,178.121267931023,.908024672365854,.0352272163977667,-1.26529972138026,-.0106299670533607,"Pbca","Pbca","-x+1/2,-y+1,z+1/2","C6A_Zhang22e_275K_L4",0,275.0,"C6A","","2","Zhang22e","275K"
3,1,6.10963865500000,6.10963865500000,3.13704263433344,3.14649579037191,3.13577468209874,.0450720587746649,.546568949419737,2.52785225206939,-1.21221242303216,-.848080397979012,8.08073026231789,0.,0.,0.,461.192551301584,571.045357899413,-291.110690334181,571.045357899413,-336.298866993234,-627.519576565773,0.,9.45315603845698,9.45315603845631,9.45315603845964,124.735838607651,2.58390346966415e-013,1.0417280480036e-012,2.45237539780314e-011,6.51945408230663e-013,1.40493857314609e-012,6.02603548023784e-012,-3.1833853,152.977705569677,152.977705569677,26.8037668798993,-89.245838681282,1.53579292111291,66.7255217935119,158.279768097590,175.555240154712,71.9356667231377,174.557029213847,182.058590578008,.0450720587746649,.546568949419737,-1.21221242303216,-.848080397979012,"P21/b11","P21/c","","C8A_Zhang22e_125K_L4",0,125.,"C8A","","1","Zhang22e","125K"
3,1,6.09113623500000,6.09113623500000,3.11535317389559,3.11753174823026,3.16845372966919,.940608789892733,-.05109665382464,2.53922333497461,-.382034890186079,.438738879088317,5.68884809555098,0.,0.,0.,660.761240294294,11.0897358239097,-673.01966458573,11.0897358239097,-230.293670909616,-54.9153137235283,0.,2.17857433467694,2.17857433467594,2.17857433467916,91.5466929852759,5.73316704659901e-013,1.02056009814445e-012,3.26991824770963e-011,6.02153145689121e-013,2.21743715657293e-012,8.65362883713883e-012,.2308017,155.514490952524,155.514490952525,59.7969406551196,-171.915201857932,75.9022219596008,-95.2926694202652,202.516431043155,63.4063282213102,0,0,0,.940608789892733,-.05109665382464,-.382034890186079,.438738879088317,"P21/b11","P21/c","","CHMA_Hossain24_L4",0,100.0,"CHMA","","1","Hossain24",""
3,1,6.07644242000000,6.07644242000000,3.11015286407758,3.1323444766596,3.14540410573936,.0882013677142548,.539977240371882,2.44991235257583,-.915890146763681,-1.7732858627775,6.05963977181497,0.,0.,0.,437.334598892157,565.806299946035,-135.273299449857,565.806299946035,-303.629264124307,-521.979930315903,0.,22.1916125820125,22.1916125820115,22.1916125820156,181.407068839147,5.75328740613011e-013,1.03262927158899e-012,1.229510910927e-011,1.59342146473699e-012,1.43467064170336e-012,2.5077532143519e-005,-5.6864173,153.509841691205,153.509841691205,21.397420438631,-61.0769156556853,31.60019990204,-106.305484321093,184.881901895683,183.740840954071,186.293263157185,178.269941635819,179.242624150869,.0882013677142548,.539977240371882,-.915890146763681,-1.7732858627775,"P21/b11","P21/c","","cryst1C5A_R2SCAN-RVV10paw600_L4",-260.468,0,"C5A","","1","~R2SCAN",""
3,1,6.09405433500000,6.09405433500000,3.10418952065163,3.11239022834303,3.19207722031325,.901246907728256,-.015642430621341,2.49114983901509,-2.00358508040412,.571242631899588,6.53164272967321,0.,0.,0.,610.629923866406,64.975361720126,-554.333309710112,64.975361720126,-301.13264118706,-91.6665982143656,0.,8.20070769139725,8.20070769139691,8.20070769139791,103.187451995124,2.56395024851142e-013,9.70122552133095e-013,4.07592714854765e-011,5.89777253934257e-013,2.92321705529695e-012,2.43162103177319e-005,-1.0581465,157.211211169013,157.211211169013,64.9636192008724,-175.473788653857,34.3138925205291,161.109447482538,188.549571063553,180.041769821084,187.371270373532,176.570437687957,177.809594044441,.901246907728256,-.015642430621341,-2.00358508040412,.571242631899588,"P21/b11","P21/c","","cryst1C6A_R2SCAN-RVV10paw600_L4",-240.104,0,"C6A","","1","~R2SCAN",""
3,1,6.05454866000000,6.05454866000000,3.12202361346136,3.13838982096153,3.15745596117326,.0114689630487028,.593537146356659,2.4609501134494,-1.30001957304607,-.750267192876521,7.99874314004865,0.,0.,0.,527.615862141324,596.172034129378,-264.405935656612,596.172034129378,-398.080783032446,-574.547330046579,0.,16.3662075001569,16.3662075001564,16.3662075001669,159.217594691723,0.,8.58181572124267e-013,3.82309050571795e-011,6.74692630165968e-013,1.44417312838216e-012,3.06390463899707e-005,-4.9642571,150.53163820533,150.53163820533,24.0883273334045,-89.2235575752789,1.45760795962398,74.8748565952407,175.701472308429,176.813431818025,67.3998645328132,176.314973464602,181.777608428067,.0114689630487028,.593537146356659,-1.30001957304607,-.750267192876521,"P21/b11","P21/c","","cryst1C8A_R2SCAN-RVV10paw600_L4",-386.727,0,"C8A","","1","~R2SCAN",""
3,1,6.06845958500000,6.06845958500000,3.10571554853057,3.10777706790872,3.18422306207547,.971956577927179,-.0550376822661161,2.48782655230213,-.360685341080631,.497412489483501,5.61100280853902,0.,0.,0.,667.291248271849,-6.67297010203354,-693.109412815607,-6.67297010203354,-225.074177177664,-32.6540167659235,0.,2.0615193781397,2.0615193781387,2.0615193781417,95.0117449195069,2.56395024851142e-013,1.07392320412769e-012,2.78400739692597e-011,8.47113627135512e-013,1.41693957858438e-012,2.32741518402322e-005,.488161,155.192578870475,155.192578870475,60.6712504483522,-172.074893378443,74.2087361159424,-96.3153115189081,200.962511257120,63.2446152545548,0,0,0,.971956577927179,-.0550376822661161,-.360685341080631,.497412489483501,"P21/b11","P21/c","","cryst1CHMA_R2SCAN-RVV10paw600_L4",-199.815,0,"CHMA","","1","~R2SCAN",""
3,1,5.93515026000000,5.93515026000000,3.11266129301146,3.12670145474162,3.15339153453276,-.587046467858807,.546285791014175,2.80270882590037,.0323824483376369,-1.95223718717118,6.81115466308547,0.,0.,0.,785.159836496044,556.263042133557,-1034.19413886782,556.263042133557,-343.325803097525,-540.759303104204,0.,14.040161730165,14.0401617301642,14.040161730168,98.647482956382,5.87474804595221e-013,1.20302624889991e-012,2.50920228355452e-011,1.98910789819661e-012,1.38769699855071e-012,6.11743216713814e-012,4.8563436,144.069130537643,144.069130537643,19.0555109343648,-103.92678251485,103.982743551518,-55.8028066283984,173.399721771740,177.215656660310,265.705997870617,0,0,-.587046467858807,.546285791014175,.0323824483376369,-1.95223718717118,"P21/b11","P21/c","","cryst1PEA2Br_R2SCAN-RVV10paw600_L4",-228.416,0,"PEA2Br","","1","~R2SCAN",""
3,1,6.03923283500000,6.03923283500000,3.08309045834628,3.09832836281866,3.17436399948352,.948220958786626,-.0090430436837341,2.56172212934617,1.01999107100116,-1.00008818841045,5.97090284783152,0.,0.,0.,658.708130457019,22.4094883699702,-693.767969649233,22.4094883699702,-145.767849228563,-28.1945985014939,0.,15.2379044723702,15.2379044723699,15.2379044723716,53.6691048887388,0.,6.075958227808e-013,3.99073210175084e-011,7.82893747103495e-013,1.79153279780367e-012,3.43935982504991e-005,.6643831,155.374260144931,155.374260144931,68.0501422045321,179.146132337879,33.8223802406314,137.625721497485,187.240360357661,301.635672233987,286.855569973070,0,0,.948220958786626,-.0090430436837341,1.01999107100116,-1.00008818841045,"P21/b11","P21/c","","cryst1PEA4F_R2SCAN-RVV10paw600_L4",-253.849,0,"PEA4F","","1","~R2SCAN",""
3,1,5.99760463000000,6.01749838000000,3.08981782347834,3.11059397027915,3.19139459446819,1.04298062273654,-.053807631908195,2.66968755938262,1.13434613158599,-1.13474982958656,6.11818093181242,0.,0.,0.,806.894780161929,-38.7557387364735,-797.002458330751,14.8661224988586,-50.8655145829929,-51.5025532239552,-19.89375000000,12.5037284370691,12.5037284370686,15.2278117328644,49.0513444755402,0.,7.44501603755591e-013,86.7673802203656,7.56998479727643e-013,1.75245719819624e-012,1080.40281881108,1.1669098,149.846731831135,152.512906174729,66.8806593953265,-179.298869544176,34.0636861932966,135.271885727363,186.122075042598,300.213804362958,284.804625047715,0,0,1.04298062273654,-.053807631908195,1.13434613158599,-1.13474982958656,"P-1","P-1","","cryst1PEA_R2SCAN-RVV10paw600_L4",-95.509,0,"PEA","","1","~R2SCAN",""
3,2,6.19439716000000,6.19439716000000,3.14989285920842,3.15117523051901,3.16005182670944,.94145611943509,.108640138476837,2.41363060195382,-.478158914654585,-.578579177359132,5.35711562377938,0.,0.,0.,543.226562355148,195.270611106228,-413.376616845041,195.270611106228,-399.03139932034,-85.1420353809052,0.,1.2823713105834,1.28237131058251,1.28237131058384,125.47775977878,7.25902495369969e-013,1.02059154983246e-012,5.05770405161668e-005,1.0507734948629e-012,3.67832213718701e-012,3.6726654439802e-005,-2.3945498,158.884655027506,158.884655027506,67.2314869347597,177.138308273802,90.0615644841486,176.039871085544,169.369894263206,96.4106427964154,0,0,0,.94145611943509,.108640138476837,-.478158914654585,-.578579177359132,"Pbca","Pbca","","cryst2BC1A_R2SCAN-RVV10paw600_L4",-245.885,0,"BC1A","","2","~R2SCAN",""
3,2,6.09688503500000,6.09688503500000,3.14295607192374,3.15708419914475,3.15083249932367,-.389872810929396,.53688798702687,2.47729066310792,.436764461844283,-1.62652999565479,5.41811245562695,0.,0.,0.,535.678224712847,585.380671371745,-717.76839791979,585.380671371745,-271.115268585605,-647.885474689468,0.,14.1281272209971,14.128127220997,14.1281272209977,86.7742457891982,0.,4.89212524801359e-013,1.22405549995703e-011,1.11079559083619e-012,2.6306806891783e-012,4.1643379396363e-012,3.4343216,150.82001284822,150.82001284822,37.0946932158728,-120.996039594497,41.7434293079848,-62.8547977026429,195.982668322049,182.170786576136,177.900820952482,177.838523272686,0,-.389872810929396,.53688798702687,.436764461844283,-1.62652999565479,"Pbca","Pbca","","cryst2C4A_R2SCAN-RVV10paw600_L4",-243.129,0,"C4A","","2","~R2SCAN",""
3,2,6.07225717000000,6.07225717000000,3.1010350263883,3.10319045608141,3.18633489401563,.988076253975676,.0145414754241209,2.47944386930882,-1.24587736901198,.0417450785950311,6.94463567091397,0.,0.,0.,633.004617171233,65.8162463563728,-645.49937014086,65.8162463563728,-184.566562954852,-23.7385596859597,0.,2.15542969310356,2.15542969310334,2.15542969310389,58.1315164398763,3.62597321469472e-013,7.97630809154285e-013,3.44263846566726e-012,6.1084203580295e-013,1.64644207840737e-012,5.96770974948219e-012,.2358089,156.322735260708,156.322735260708,59.5916334790791,178.316942578758,20.7514560531301,174.821876007537,175.736754848513,172.894194063650,179.931618898100,176.852227026538,180.398188116430,.988076253975676,.0145414754241209,-1.24587736901198,.0417450785950311,"Pbca","Pbca","","cryst2C6A_R2SCAN-RVV10paw600_L4",-210.096,0,"C6A","","2","~R2SCAN",""
3,2,6.14981159500000,6.14981159500000,3.08897531488768,3.08897531488768,3.15107572154262,.188067663566628,.175830811773763,2.57669747407911,.188067663566628,.175830811773763,2.57669747407911,0.,0.,0.,0.,294.48740632892,213.314769788037,294.48740632892,-274.062499040371,-255.651397836885,0.,1.77635683940025e-012,1.77635683940025e-012,8.88178419700125e-013,99.2391427431763,0.,3.92523114670944e-013,1.74779261218489e-011,0.,0.,0.,-3.9779627,169.058799236324,169.058799236324,0,0,0,0,0,0,0,0,0,.188067663566628,.175830811773763,.188067663566628,.175830811773763,"Pbca","Pbca","","cryst2Cs-a_R2SCAN-RVV10paw600_L4",-271.025,0,"Cs","a","2","~R2SCAN",""
3,2,6.29577232000000,6.29577232000000,2.99501676436769,3.46105743051164,3.1509605854059,-2.07587100371143,-.7952842324587,2.67389054480325,-1.2705416929649,-.496819551758235,5.60461258849798,-828.071283733863,-948.593480949174,0.,848.01233647976,0.,-942.141558076689,0.,-136.40150409248,205.33374026621,0.,466.040666143945,97.8120613094418,466.040666143946,222.33677369126,459.27206448935,1.07161925522701e-012,2.2706356736626e-011,4.70131246415156e-014,1.59940124727972e-012,4.47064379809292e-005,4.3341525,150.242115400556,155.335962200309,55.5737200760443,19.4454847978222,68.5397524876576,-1.30180196701043,183.136907101773,68.2945611845192,125.351196737361,0,0,-2.07587100371143,-.7952842324587,-1.2705416929649,-.496819551758235,"Pnam:004","Pnma","","cryst2MBA-rac_R2SCAN-RVV10paw600_L4",-326.061,0,"MBA","rac","2","~R2SCAN",""
3,2,6.31431978500000,6.31431978500000,3.02563577864922,3.47870548987033,3.15529784828449,-.575939883356274,.755984338876626,2.71745060428746,.174413653517773,1.11962713942326,5.66047874117189,669.866233742441,703.339493997035,30.4430319645408,758.108607868171,-3.172562961084,-855.055692281774,9.1676324709684,-151.840938208124,158.054673893805,0.,453.069711221103,47.2634512906279,453.069711221103,196.521531345837,436.521981995082,1.05129776819844e-012,1.33860231988988e-011,112.484991613863,2.42125120174569e-012,112.484991613862,2.1596304,152.761198113944,153.248698680273,54.928969313042,20.6265615298235,67.2792699241275,-3.75622271097369,184.366167757211,65.6110593036679,125.197313161373,0,0,-.575939883356274,.755984338876626,.174413653517773,1.11962713942326,"P212121","P212121","","cryst2MBA-R_R2SCAN-RVV10paw600_L4",-287.854,0,"MBA","R","2","~R2SCAN",""
3,2,6.31571234500000,6.31571234500000,3.02491063880148,3.48162820692823,3.15525023604513,-.5549953029585,.616961942051542,2.55193704081125,.295479900357334,.69126391873469,5.45068677015458,670.929804352244,704.748692113074,-30.2820741247844,759.094355365422,4.3225376010948,-856.07175608624,-.0551235911459974,-121.869114336717,244.339829746162,0.,456.717568126734,46.2728173299698,456.717568126736,197.318789439663,439.149049812044,8.69477832286024e-013,1.32679692413334e-011,110.985241380236,1.42012692003304e-012,110.985240901378,2.157632,152.728786477438,153.218859345074,54.1135422758069,-23.6726817524051,68.5697365815667,-10.9834576513509,170.832016862505,287.789478581026,234.639589906542,0,0,-.5549953029585,.616961942051542,.295479900357334,.69126391873469,"P212121","P212121","","cryst2MBA-S_R2SCAN-RVV10paw600_L4",-287.842,0,"MBA","S","2","~R2SCAN",""
3,2,6.01309753000000,6.02138691500000,3.11874782283832,3.13067432299714,3.14485014811854,-.273769461523651,.468340571181501,2.69001469547794,1.26350957342492,-1.30298618023815,6.77538303505895,0.,0.,0.,687.936524854935,466.910644070468,-715.891035537172,500.15909710178,-316.735630238028,-489.261752205707,-8.28938500000,10.1416946253631,10.1416946253623,2.28405535668896,53.0154261104591,2.56395024851142e-013,1.22837368653134e-012,37.1514101183667,7.93643810695545e-013,3.27289733515478e-012,42.744977524047,.4456264,148.319567257861,149.083822684448,43.6277456251672,-72.1997089562657,44.5145143640296,100.049418657088,184.467277230663,197.110392667644,268.005955248850,71.5858821350730,0,-.273769461523651,.468340571181501,1.26350957342492,-1.30298618023815,"P-1","P-1","","cryst2MPEA-PEAz_R2SCAN-RVV10paw600_L4",-100.586,0,"MPEA","PEAz","2","~R2SCAN",""
3,2,6.02919153500000,6.02919153500000,3.10187263153347,3.10365055672284,3.17989788775315,.949881665071971,.0113599614560802,2.60618179830878,1.0040602028245,-1.01069960669135,6.01792799300586,0.,0.,0.,733.527837254734,35.75938534353,-733.201533823871,35.75938534353,-150.500974805306,-10.5334798853009,0.,1.77792518935738,1.77792518935738,1.77792518935771,51.6565708659456,0.,7.17754285111482e-013,2.12234486143071e-011,4.26258112129932e-005,1.70232760479132e-012,4.50361772499289e-005,-.61998e-2,152.617230845512,152.617230845512,67.6723563711916,178.637063497434,33.3992770494551,135.798415458436,187.677359155836,300.478048778816,287.264330635841,0,0,.949881665071971,.0113599614560802,1.0040602028245,-1.01069960669135,"Pbca","Pbca","","cryst2PEA-x_R2SCAN-RVV10paw600_L4",-166.680,0,"PEA","x","2","~R2SCAN",""
3,2,6.10511842500000,6.04618521500000,3.0935480729984,3.12272358594754,3.17220883304918,.973534379273087,.00974776733341809,2.5509731104682,.9729768230582,-1.0667257080537,5.9664000386749,0.,0.,0.,635.70266628285,69.4587231289663,-638.827603878673,76.1646280069618,-177.455193125251,-26.9043957607515,58.93321000000,25.2049063472715,25.2049063472711,7.79992073948277,52.8477366683872,5.12790049702284e-013,6.31146979842329e-013,39.6063370693964,2.02299632963557e-012,1.70394444154273e-012,59.8304047224258,-.2565387,155.484670519538,156.336188695566,66.5819412410961,174.741314063782,33.0514250882978,136.624391892122,186.225250014156,298.850415912839,291.003504863500,0,0,.973534379273087,.00974776733341809,.9729768230582,-1.0667257080537,"P-1","P-1","","cryst2PEA-z_R2SCAN-RVV10paw600_L4",-181.479,0,"PEA","z","2","~R2SCAN",""
3,2,6.10700092000000,6.04594248500000,3.08888604331101,3.12395007653635,3.16983119311045,.969880766668934,.0144970761017307,2.55661101662507,.992208512475773,-1.06440270177352,5.96842169021289,0.,0.,0.,638.339876587646,66.3157811180382,-663.684622776676,75.3246688740402,-174.602154236017,-4.46254902193955,61.05843500000,27.1218004319767,27.1218004319759,8.4141875710988,56.684867776903,5.12790049702284e-013,8.40038537197868e-013,39.2233025194843,2.52277077117558e-005,2.24247514941522e-012,71.6798914949907,.2489994,155.553186498583,156.260990219941,65.9580796860479,174.433253846009,32.2430582131067,127.95106842674,185.847548307050,298.664832702360,287.180198926758,0,0,.969880766668934,.0144970761017307,.992208512475773,-1.06440270177352,"P-1","P-1","","cryst2PEA_R2SCAN-RVV10paw600_L4",-181.505,0,"PEA","","2","~R2SCAN",""
3,2,6.03821618000000,6.05424565000000,3.08801622855569,3.10085380404233,3.18095493865076,.956400465878561,.00255499521305325,2.54556772820418,.890737515411899,-.870439485725677,5.91169630609469,0.,0.,0.,658.732697963528,59.1432599453211,-663.687908101611,46.2468851562251,-135.293949624772,-52.4076707784111,-16.02947000000,7.71175353883247,7.71175353883236,5.37213987505858,46.2063765406308,2.56395024851142e-013,9.51413198280327e-013,24.7522481470779,1.15141972159285e-012,1.36728884943712e-012,52.5520588583566,.84697e-1,155.287306597261,155.370684778366,66.781370065859,175.705602681996,35.5333055126815,136.386466780952,186.488782173773,300.974028262945,108.377280351735,0,0,.956400465878561,.00255499521305325,.890737515411899,-.870439485725677,"P-1","P-1","","cryst2TEA_R2SCAN-RVV10paw600_L4",-238.376,0,"TEA","","2","~R2SCAN",""
2,1,6.06849840000000,6.06849840000000,3.09528790066104,3.10150404266674,3.1834797085179,.86417080090763,.0375942611457725,2.53882,-.2639011576812,-.483421793076977,5.59915142857143,0.,0.,0.,618.99075975188,101.19,-576.248852293719,101.19,-275.045240287056,-72.3713191853476,0.,6.21614200569442,6.2161420056942,6.21614200569587,82.6429478513425,2.56395024851142e-013,7.73180868062446e-013,2.39704750254441e-011,8.55984431944484e-013,2.05882437701234e-012,3.13603888078445e-012,-.8068079,156.641824089796,156.641824089796,65.0787927302425,-177.484249026875,84.7623296079099,-176.257003328207,174.537683851319,94.1276990647471,0,0,0,.86417080090763,.0375942611457725,-.2639011576812,-.483421793076977,"p21/b11","p21/b11","","layerBC1A_R2SCAN-RVV10paw600_L4",0.,0,"BC1A","","","~R2SCAN",""
2,1,6.10071166000000,6.10071166000000,3.11022349897233,3.11338318302943,3.20660859080333,.932653195736892,.0482200960113177,2.51962,.932653195736892,.0482200960113177,2.51962,0.,0.,0.,610.717724877607,75.32,-602.549410531347,75.32,-253.730036457933,-5.27453436590211,0.,3.15968405709388,3.15968405709299,3.15968405709421,85.0298497520235,7.25194642938943e-013,7.7189542004254e-013,8.99648221982098e-012,5.48196556380014e-005,1.99952256724339e-012,3.28208788052667e-005,-.1534681,157.189699134421,157.189699134421,65.0546112448881,-178.759024209446,0,0,180.796023698203,147.622921421109,0,0,0,.932653195736892,.0482200960113177,.932653195736892,.0482200960113177,"p21/b11","p21/b11","","layerC2A-x_R2SCAN-RVV10paw600_L4",0.,0,"C2A","x","","~R2SCAN",""
2,1,6.07773914500000,6.07773914500000,3.07904257192127,3.15074975355506,3.20612578518993,.849635266000826,-.135832034363725,2.58474,.849635266000826,-.135832034363725,2.58474,-173.963294492866,-112.462701869257,0.,656.509587148866,0.,-659.283721335194,0.,55.9828277536411,-185.592041468509,0.,71.7071816337797,20.7388466096373,20.7388466096381,76.9367058452247,236.227708237403,6.19028158703824e-013,3.14256779898082e-011,2.31918026057751e-013,1.16344900994049e-012,3.2167186680453e-005,-.2263064,153.735161415974,154.763409865807,64.8312484704781,178.712682945429,0,0,180.096249887321,236.976351606366,0,0,0,.849635266000826,-.135832034363725,.849635266000826,-.135832034363725,"p21am:040","pb21m","","layerC2A-y_R2SCAN-RVV10paw600_L4",6.308,0,"C2A","y","","~R2SCAN",""
2,1,6.06399363000000,6.06399363000000,3.13940390385221,3.15204858687562,3.16312294165458,-.418067545228761,.546946716224082,2.58006,.501590928778159,-1.59268767911895,5.51847,0.,0.,0.,612.448297231787,572.27,-804.217274059911,572.27,-253.390486995168,-616.588419224602,0.,12.6446830234027,12.6446830234025,12.644683023403,90.4452074004183,0.,5.33407958743406e-013,2.91451782771645e-011,7.05289811096265e-013,1.52536879239522e-012,2.68215700131785e-005,3.6418162,149.092655163104,149.092655163104,32.64307734451,-119.933713943409,39.5095109809793,-59.5907480899606,191.831317987864,181.663125458739,185.063847286650,182.397588345382,0,-.418067545228761,.546946716224082,.501590928778159,-1.59268767911895,"p21/b11","p21/b11","","layerC4A_R2SCAN-RVV10paw600_L4",0.,0,"C4A","","","~R2SCAN",""
2,1,6.04550086500000,6.04550086500000,3.11013968994812,3.132425946484,3.15893239947493,.00442593258870216,.545629152175753,2.57493,-1.06488683203411,-1.84066057323577,6.125715,0.,0.,0.,538.553269972376,561.55,-270.774998599728,561.55,-352.445419311825,-517.024888432427,0.,22.2862565358788,22.2862565358787,22.286256535879,160.070349441813,0.,5.66104886700368e-013,3.6124490333517e-011,7.24335444010557e-013,1.24109639066513e-012,2.62243099107388e-005,-5.0617117,151.130281917346,151.130281917346,20.0630418182172,-65.2153832897732,32.7781441948631,-107.991674770771,186.901886989485,181.910671811514,183.975465405147,178.850657883106,180.600138414662,.00442593258870216,.545629152175753,-1.06488683203411,-1.84066057323577,"p21/b11","p21/b11","","layerC5A_R2SCAN-RVV10paw600_L4",0.,0,"C5A","","","~R2SCAN",""
2,1,6.07607816500000,6.07607816500000,3.09947453983084,3.1078783997583,3.19493472600533,.922189449006293,2.41724851588465e-005,2.54347,-2.06804011516664,.306461269120065,6.576968,0.,0.,0.,631.792236091838,62.96,-542.962795962721,62.96,-245.445838028959,-104.751282230807,0.,8.40385992745196,8.40385992745141,8.4038599274523,87.5971987443795,3.62597321469472e-013,8.19768964563504e-013,3.0165787626229e-011,1.5098453662261e-012,3.56633933162591e-012,3.39039329827215e-005,-1.6727984,156.391205227138,156.391205227139,65.0764366439439,-174.010442854682,34.2908680293057,172.848857108989,191.015642563216,186.074897445239,186.813034207636,185.774759499367,181.478395058850,.922189449006293,2.41724851588465e-005,-2.06804011516664,.306461269120065,"p21/b11","p21/b11","","layerC6A_R2SCAN-RVV10paw600_L4",0.,0,"C6A","","","~R2SCAN",""
2,1,6.06277263000000,6.06277263000000,3.12213728105778,3.14439365588541,3.15964695811472,.035383358190725,.568968703515292,2.49294,-1.16297064554981,-.779901205745686,8.05408568571429,0.,0.,0.,518.236401424146,599.5599,-200.047932936716,599.5599,-418.939659738249,-561.952872762488,0.,22.2563748276289,22.2563748276284,22.2563748276299,179.99359027776,5.75328740613011e-013,5.64401287030468e-013,1.17445174557488e-011,5.46582152858516e-005,1.54237111854025e-012,4.61331146663638e-005,-5.9941096,150.69792731117,150.69792731117,24.0118703649784,-87.3108585546612,2.5450694157366,50.1281968515496,176.187896275786,175.995151243271,66.6621540062942,175.213691712358,181.961905530281,.035383358190725,.568968703515292,-1.16297064554981,-.779901205745686,"p21/b11","p21/b11","","layerC8A_R2SCAN-RVV10paw600_L4",0.,0,"C8A","","","~R2SCAN",""
2,1,6.04461808000000,6.04461808000000,3.09107426438552,3.09335541835606,3.19312220890784,.942523257745609,-.0399337579207137,2.53857,-.382601218103134,.436103267346799,5.69301571428571,0.,0.,0.,653.681857979763,11.86,-655.966956073325,11.86,-225.106778817834,-44.2658135669131,0.,2.28115397054018,2.28115397053985,2.28115397054118,87.5516949850657,0.,7.54108058787957e-013,5.33389472834483e-012,5.1888824059265e-013,2.70359348280544e-012,3.45601551297229e-005,.433403e-1,155.58756931476,155.58756931476,60.1899421612371,-171.794868730129,76.1460724549861,-94.9801244353917,200.084069003075,64.3032414211183,0,0,0,.942523257745609,-.0399337579207137,-.382601218103134,.436103267346799,"p21/b11","p21/b11","","layerCHMA_R2SCAN-RVV10paw600_L4",0.,0,"CHMA","","","~R2SCAN",""
2,1,6.13793825000000,6.13793825000000,3.08544754735674,3.08556177692931,3.15526117669905,.219215063866053,.203072751719241,2.57568,.219215063866053,.203072751719241,2.57568,0.,0.,0.,-.386998501668096,319.01,237.956022964468,319.01,-284.262710964687,-263.538146649222,0.,.114229572560909,.114229572560354,.114229572562685,112.323566673851,0.,9.1300965575322e-013,6.38426873516729e-012,0.,0.,0.,-4.4396487,168.131172461182,168.131172461182,0,0,0,0,0,0,0,0,0,.219215063866053,.203072751719241,.219215063866053,.203072751719241,"p21/b11","p21/b11","","layerCs-a_R2SCAN-RVV10paw600_L4",0.,0,"Cs","a","","~R2SCAN",""
2,1,6.11090484000000,6.11090484000000,3.05545242,3.05545242,3.15642,0.,0.,2.62764,0.,0.,2.62764,0.,0.,0.,0.,0.,0.,0.,0.,0.,0.,0.,0.,0.,1.36067582774648e-012,0.,0.,5.73716378436834e-012,0.,0.,0.,0.,180.,180.,0,0,0,0,0,0,0,0,0,0.,0.,0.,0.,"p4/mmm","p4/mmm","","layerCs_R2SCAN-RVV10paw600_L4",13.873,0,"Cs","","","~R2SCAN",""
2,1,6.11594924500000,6.11594924500000,3.1234641136501,3.1253937976845,3.18362839275016,.998925271799604,.0550028869227206,2.50774,.998925271799604,.0550028869227206,2.50774,0.,0.,0.,633.399087272793,98.25,-619.901562667737,98.25,-252.693619103513,-5.06420129421994,0.,1.92968403439309,1.92968403439253,1.92968403439409,84.4474246736142,3.62597321469472e-013,9.49092061580576e-013,4.9936517195921e-005,5.20740757162067e-013,1.60886601221371e-012,2.85329477287464e-012,-.2528633,156.323540926349,156.323540926349,58.941069220994,-178.249449334555,0,0,180.720953614574,0,0,0,0,.998925271799604,.0550028869227206,.998925271799604,.0550028869227206,"p21/b11","p21/b11","","layerMA-BC1A_R2SCAN-RVV10paw600_L4",11.866,0,"MA","BC1A","","~R2SCAN",""
2,1,6.01847313000000,6.01847313000000,3.12648344436065,3.12931278057396,3.16819544145269,-.294553993151835,.599532189244023,2.5589,-.294553993151835,.599532189244023,2.5589,0.,0.,0.,612.296170574755,594.42,-641.417954411618,594.42,-331.178230122164,-520.854331876712,0.,2.82933621331372,2.82933621331316,2.82933621331383,99.5036359878075,0.,5.76888805915069e-013,1.68992635772934e-011,5.21139159144121e-005,1.69286259254796e-012,3.58882230830914e-005,.554762,148.335036288964,148.335036288965,35.0904409025942,-100.152912871663,0,0,183.910272102085,0,0,0,0,-.294553993151835,.599532189244023,-.294553993151835,.599532189244023,"p21/b11","p21/b11","","layerMA-C4A_R2SCAN-RVV10paw600_L4",0.,0,"MA","C4A","","~R2SCAN",""
2,1,6.07476678500000,6.07476678500000,3.07101673648219,3.20852118945732,3.19075030345145,-1.87752250475651,-.756176876159028,2.60831,-1.87752250475651,-.756176876159028,2.60831,-698.873865062025,-795.084756447706,0.,879.394417598782,0.,-791.990229337655,0.,-64.9896322811801,133.112083305494,0.,137.504394149148,61.5116736451953,63.2366838649867,35.6029939015165,217.433306249935,1.16881406015614e-012,9.92005220483327e-005,3.92523114670944e-014,9.12985476297841e-013,2.2985236617105e-012,-.1593636,148.963927193047,152.64959093501,56.006738356078,-1.36553905733362,0,0,179.781938366967,0,0,0,0,-1.87752250475651,-.756176876159028,-1.87752250475651,-.756176876159028,"pb21m:400yx","pb21m","","layerMA-MBArac_R2SCAN-RVV10paw600_L4",14.257,0,"MA","MBArac","","~R2SCAN",""
2,1,6.10365725000000,6.10365725000000,3.12998681836879,3.13126073110781,3.19030784082846,1.04423374793909,.0149172495799781,2.54441,1.04423374793909,.0149172495799781,2.54441,0.,0.,0.,693.618658173644,77.72,-673.219724258316,77.72,-193.385126681619,-53.0123761955136,0.,1.27391273900834,1.27391273900768,1.2739127390109,57.2812908047905,5.73316704659901e-013,1.22200731635005e-012,1.05287336623362e-011,8.59975056989852e-013,2.0244453367913e-012,3.70000273310434e-005,-.3827688,154.235775620445,154.235775620445,58.4850273628637,-178.150121669063,0,0,180.793339239541,0,0,0,0,1.04423374793909,.0149172495799781,1.04423374793909,.0149172495799781,"p21/b11","p21/b11","","layerMA-x_R2SCAN-RVV10paw600_L4",9.510,0,"MA","x","","~R2SCAN",""
2,1,6.09436224000000,6.09436224000000,3.09584867889242,3.15754808914074,3.18660881650719,.868470179116687,-.127892905382541,2.57612,.868470179116687,-.127892905382541,2.57612,-175.562593458804,-129.975079913435,0.,708.944898069053,0.,-660.160122483217,0.,79.2760864619854,-210.352282271041,0.,61.6994102483062,16.9478762036493,16.9478762036501,97.3047887458279,266.488625152149,1.00739102902619e-012,1.64787359778336e-011,0.,2.15852026199932e-012,4.49948614570582e-012,-.2822909,153.195250834701,154.023461517787,58.4014948887452,179.275040270617,0,0,180.000218893834,0,0,0,0,.868470179116687,-.127892905382541,.868470179116687,-.127892905382541,"p21am:040","pb21m","","layerMA-y_R2SCAN-RVV10paw600_L4",15.790,0,"MA","y","","~R2SCAN",""
2,1,6.20114127500000,6.20114127500000,3.0390816444711,3.33096951799211,3.17808893357515,-1.9601346774797,-.760397140929194,2.69931,-1.19837385054036,-.605539850824215,5.64860875,-781.735438377854,-912.381414070952,0.,892.273696373009,0.,-958.138706663768,0.,-171.798686712924,214.566214544761,0.,291.887873520999,76.4892523048029,291.887873521001,191.97809860286,414.051783388041,7.94152289628385e-013,7.16046092390122e-005,6.66243946844091e-014,1.7256673800537e-012,6.24900943094309e-012,4.2961095,148.53705853994,154.730365789522,54.0082083612439,20.5760813690688,67.8458684100567,-2.56960999365,186.247178440564,65.1384157053040,124.781661637620,0,0,-1.9601346774797,-.760397140929194,-1.19837385054036,-.605539850824215,"pb21m:400yx","pb21m","","layerMBA-rac_R2SCAN-RVV10paw600_L4",0.,0,"MBA","rac","","~R2SCAN",""
2,1,6.21337352000000,6.21337352000000,3.08611675796453,3.32560630955108,3.17458867183724,-.497261341403177,.720047590837007,2.69943,.255016725626509,.99915884792612,5.65113875,667.996768230259,681.476987338147,29.87,788.420458700833,-16.31,-831.639019443037,-12.,-162.84018092438,154.543825378509,0.,239.489551586549,24.8542064630731,239.489551586551,146.30173701915,339.82583107901,7.433797809394e-013,3.30654246129233e-011,167.400692117429,3.06603856040392e-012,167.400692181147,1.0907258,151.469618369471,151.963937357276,54.431488939392,22.689364598218,67.54895706142,-8.23858126117293,187.503505257782,59.3762074453748,124.330800145398,0,0,-.497261341403177,.720047590837007,.255016725626509,.99915884792612,"p2111:040","p2111","","layerMBA-R_R2SCAN-RVV10paw600_L4",39.890,0,"MBA","R","","~R2SCAN",""
2,1,6.21365890000000,6.21365890000000,3.08643631928359,3.3256350667533,3.17375282475609,-.475624992015903,.568176132663829,2.65875,.339824579141319,.55892562141333,5.58001125,668.613319023627,682.230582468002,-29.97,787.94256372184,16.86,-831.394999043819,13.94,-127.099754879619,246.788812656176,0.,239.198747469695,25.4032664105627,239.198747469696,146.176226246061,339.338338092574,1.43901350799954e-012,2.12560082612666e-011,166.168822531175,1.82202899065989e-012,166.168823722481,1.0795934,151.484729192356,151.950271520224,54.0063971373541,-24.2395127285246,68.6006630132838,-9.03811956512489,171.519827106583,289.631147185222,235.317589956047,0,0,-.475624992015903,.568176132663829,.339824579141319,.55892562141333,"p2111:040","p2111","","layerMBA-S_R2SCAN-RVV10paw600_L4",39.824,0,"MBA","S","","~R2SCAN",""
2,1,6.18116725500000,6.18116725500000,3.17634757009125,3.1783947517164,3.14721024304343,1.16243945278958,.00447613001895908,2.59637999999999,1.45792991694013,-.728982667991757,6.21873428571426,0.,0.,0.,737.537416205036,-4.33999999999998,-826.766702265896,-4.33999999999998,-211.734933113508,90.336689343779,0.,2.04718162514483,2.04718162514406,2.04718162514528,102.251506110713,0.,6.11095586808385e-013,7.13739708438758e-005,1.17154427190977e-012,1.80438872641015e-012,2.46946778410257e-005,1.6596084,153.155465921788,153.155465921789,63.2639302790358,-174.596708468426,38.4942950329496,133.30976005687,192.029593773189,298.281792423860,282.581108642706,174.003082532036,0,1.16243945278958,.00447613001895908,1.45792991694013,-.728982667991757,"p21/b11","p21/b11","","layerMPEA-C2AxLLa_R2SCAN-RVV10paw600_L4",0.,0,"MPEA","C2AxLLa","","~R2SCAN",""
2,1,6.07785924000000,6.07785924000000,3.12775561787912,3.13004301753852,3.16123054830513,.954025710828553,-.0610993586301789,2.63125,-1.63405287445409,.193560898194672,6.67130714285714,0.,0.,0.,744.927841839337,.37,-715.08982663438,.37,-114.125675221959,-110.976490270245,0.,2.28739965939362,2.28739965939351,2.28739965939395,65.7075852934845,5.73316704659901e-013,3.40406793391816e-013,1.84029304597452e-011,1.08782147225376e-012,3.34360618776252e-012,4.12194127198299e-005,-.5621149,152.453515675116,152.453515675116,52.1056908677945,-176.2249976232,52.9952977141189,-29.738239850498,194.370588923518,185.091057285431,41.5014653302937,308.590696239237,0,.954025710828553,-.0610993586301789,-1.63405287445409,.193560898194672,"p21/b11","p21/b11","","layerMPEA-C2AxL_R2SCAN-RVV10paw600_L4",122.577,0,"MPEA","C2AxL","","~R2SCAN",""
2,1,6.37433851000000,6.37433851000000,3.22587200564487,3.22712045132171,3.08659555949632,.726557805525627,.149289509447426,2.37205,.868470972286008,-.115264524283826,6.06987857142857,0.,0.,0.,436.744640636008,247.96,-574.24620117477,247.96,-261.669911341025,-334.125735317072,0.,1.24844567683535,1.24844567683458,1.2484456768358,60.0837284200078,5.76888805915069e-013,7.81768360205811e-013,3.49028910837172e-011,8.28653273418361e-013,1.17800880612325e-012,2.53726840988811e-005,2.4795003,162.090253831435,162.090253831435,62.3089926840736,164.075191540789,62.3889949421229,-113.235690957916,177.630304481887,65.8252502826654,101.441817256262,191.974834904758,0,.726557805525627,.149289509447426,.868470972286008,-.115264524283826,"p21/b11","p21/b11","","layerMPEA-C2AxRLa_R2SCAN-RVV10paw600_L4",247.355,0,"MPEA","C2AxRLa","","~R2SCAN",""
2,1,5.98008933500000,5.98008933500000,3.10688904153785,3.1123065984542,3.16729961917413,.237404239545196,-.561263695658711,2.63074,-.928399994584201,.280314907948794,7.15755,0.,0.,0.,655.318082375764,-547.53,-702.199863132018,-547.53,299.119479319452,447.409518352335,0.,5.41755691635404,5.41755691635337,5.41755691635615,103.532105009848,3.68219320629515e-013,1.13039387844951e-012,2.61507803574495e-011,8.05390095090336e-013,1.04517341358094e-012,3.3540142151501e-005,.8990931,148.12152498213,148.12152498213,37.3081237661687,118.355825692187,75.647111929675,38.9101302453779,82.5285272312023,201.704084926590,344.590356415969,78.7276078888775,0,.237404239545196,-.561263695658711,-.928399994584201,.280314907948794,"p21/b11","p21/b11","","layerMPEA-C2AxR_R2SCAN-RVV10paw600_L4",165.060,0,"MPEA","C2AxR","","~R2SCAN",""
2,1,6.33793277500000,6.33793277500000,3.15287601030222,3.28867550082848,3.11141046010607,1.23309315598351,.335896649254396,2.52461,1.19661478984263,.506485967228134,6.23384857142857,379.756084323527,377.000845298159,0.,553.328864461204,0.,-503.881755358729,0.,281.017269333613,-244.283530131923,0.,135.79949052625,1.63496189642665,135.799490526252,182.250275762983,444.988116637072,1.24219767808632e-012,2.55003208644723e-011,6.79869977755259e-014,1.4391919460321e-012,4.39385553542867e-005,-1.4276023,158.94471316703,160.081293184322,65.9336528657638,-163.471194784359,62.0141415939064,116.955405053099,177.755268724980,295.597809793218,258.656666307164,169.564739328566,0,1.23309315598351,.335896649254396,1.19661478984263,.506485967228134,"p21am:040","pb21m","","layerMPEA-C2AyLLa_R2SCAN-RVV10paw600_L4",278.393,0,"MPEA","C2AyLLa","","~R2SCAN",""
2,1,5.99174647000000,5.99174647000000,3.0252302770529,3.22280597830966,3.15768913891408,1.08253139140119,-.0876012382942655,2.76634,-1.1052145233213,-.340573499544247,7.02016285714286,-162.120256355472,6.27412963103147,0.,716.780439921403,0.,-792.72121292601,0.,-56.9368054019954,-9.98161342594641,0.,197.575701256746,87.7256844918192,87.7256844918208,87.8825545403245,243.383403094063,8.80011615259798e-013,2.85795747595697e-011,6.63139505661078e-014,2.41420995190283e-012,2.38684648438889e-005,-1.6442124,143.556513721842,150.858873163536,45.662572786845,-170.779437927056,99.2976953650003,121.037926739112,196.179501467033,187.763909193296,2.63311654014665,311.566130277386,0,1.08253139140119,-.0876012382942655,-1.1052145233213,-.340573499544247,"p21am:040","pb21m","","layerMPEA-C2AyL_R2SCAN-RVV10paw600_L4",184.334,0,"MPEA","C2AyL","","~R2SCAN",""
2,1,6.18347903000000,6.18347903000000,3.07275611714609,3.28470481870569,3.14784897056488,.858592980272085,-.283561804379716,2.62451,1.14453639448792,.41407316707605,6.2417,-370.017438021221,-311.182855622734,0.,765.007894033645,0.,-565.636273703005,0.,-15.3677739804063,-183.300980332858,0.,211.948668878688,70.5204162468726,145.552091447341,124.277643986504,267.180901329907,8.30196440266627e-013,.000123669580497265,6.79869977755259e-014,3.24261473717081e-012,3.39606273643578e-005,-1.8497505,151.530898754719,154.549013816943,63.6402981682151,175.196303575975,38.6660780150434,-133.741137451926,169.467123275149,60.9689800288427,77.1586228410309,185.212187091121,0,.858592980272085,-.283561804379716,1.14453639448792,.41407316707605,"p21am:040","pb21m","","layerMPEA-C2AyRLa_R2SCAN-RVV10paw600_L4",1.622,0,"MPEA","C2AyRLa","","~R2SCAN",""
2,1,6.06969928500000,6.06969928500000,3.10451388351352,3.14313475651003,3.16448389040005,1.06694719614824,.250628503920391,2.64561,-1.51218352100591,-.0505175786782464,6.68941714285714,181.43294937242,185.534699623347,0.,730.789987211658,0.,-801.902746960603,0.,139.314382004862,-162.824089372377,0.,38.6207684983109,6.84541664258043,35.7964647232958,102.033892777759,249.930119657118,9.58538981368174e-013,.000156954473904483,8.32667268468867e-014,1.70397534728593e-012,7.34935986847351e-012,.8616992,151.972260664323,152.90321779632,51.7639408392717,176.032047530361,53.4391260624131,30.2636610015458,166.225283865823,175.236478548309,320.634010354214,51.7118258717932,0,1.06694719614824,.250628503920391,-1.51218352100591,-.0505175786782464,"p21am:040","pb21m","","layerMPEA-C2AyR_R2SCAN-RVV10paw600_L4",123.363,0,"MPEA","C2AyR","","~R2SCAN",""
2,1,6.05705597500000,6.05705597500000,3.07793692608438,3.18631487294646,3.14998987952704,-1.9444740928414,-1.27860973397448,2.76686,-1.14432120100771,-.391106332222148,7.32118142857143,-1158.56593371009,-1111.26248605348,0.,733.574765117923,0.,-785.802972674771,0.,-187.15536311234,303.437058845954,0.,108.377946862067,25.7608608613297,82.617086000738,186.820221359422,423.879255051142,8.9048838047952e-013,1.05834912968711e-011,3.25462973226292e-014,2.23796271570288e-012,4.12683939066608e-005,.87314e-2,149.846087518547,152.114370683518,4.35361390476034,-56.8369013831877,81.2628056601564,6.87282473366595,177.131984128875,166.947533388134,62.6549171430558,290.678561866004,0,-1.9444740928414,-1.27860973397448,-1.14432120100771,-.391106332222148,"pb21m:400yx","pb21m","","layerMPEA-MBArac_R2SCAN-RVV10paw600_L4",291.184,0,"MPEA","MBArac","","~R2SCAN",""
2,1,5.91000266000000,5.91000266000000,3.13593618398913,3.15826142894619,3.13893478330217,-.814708518951329,.298851410266788,3.00436,-2.08852537015428,-1.34459504746825,7.25683571428571,0.,0.,0.,803.780563814908,725.34,-1281.7471238833,725.34,-331.840385006933,-706.789827178252,0.,22.3252449570603,22.3252449570597,22.3252449570608,181.203954527881,0.,6.69977665576884e-013,1.87871967345149e-011,4.52453661744726e-013,1.49022742620406e-012,3.72156638625988e-012,9.4858878,139.755145935356,139.755145935356,30.3671498677322,-156.215627300665,60.8317976171578,-19.0080635929491,175.574633881268,179.738341086325,293.718372684462,54.9167119603586,0,-.814708518951329,.298851410266788,-2.08852537015428,-1.34459504746825,"p21/b11","p21/b11","","layerMPEA-PEA2Br_R2SCAN-RVV10paw600_L4",139.215,0,"MPEA","PEA2Br","","~R2SCAN",""
2,1,6.17421812500000,6.17421812500000,3.17762185543444,3.17829484963669,3.14683159466858,1.19400629766005,.0103688254649694,2.60341,1.47277166732598,-.754078422476363,6.22464142857143,0.,0.,0.,754.024813264412,-24.97,-866.490522376021,-24.97,-177.587332782172,133.947578568354,0.,.672994202248756,.672994202248423,.6729942022492,102.705681419062,2.56395024851142e-013,5.3820057937152e-013,5.04122790678164e-005,9.97673641072936e-013,2.04991571700548e-012,5.47669683861175e-012,2.0969326,152.534066044136,152.534066044136,63.2973576998587,-174.74336310222,38.3881268374411,132.755049654816,192.097770769462,297.725580505527,282.599494228266,173.410673333920,0,1.19400629766005,.0103688254649694,1.47277166732598,-.754078422476363,"p21/b11","p21/b11","","layerMPEA-PEA_R2SCAN-RVV10paw600_L4",.454,0,"MPEA","PEA","","~R2SCAN",""
2,1,6.03390696000000,6.03496025000000,3.09619861835317,3.09983729813926,3.19139424347273,.973735678023955,.00904167519836108,2.6133,.981237971215946,-.969093323173057,6.09103571428571,0.,0.,0.,700.50895773375,44.97,-728.434931376235,43.12,-142.371161550797,-.400945684504324,-1.05329000000,3.13123390105419,3.13123390105363,3.58311146875634,53.842254488156,3.62597321469472e-013,9.63156085703233e-013,23.6248558971975,1.14034551713516e-012,1.38317163800609e-012,2.70142296061047,.5287632,153.80417981139,153.809466831761,68.0078891610692,179.57014585441,35.9121424718529,136.661007814774,187.990335670211,299.923183813900,286.423077179814,0,0,.973735678023955,.00904167519836108,.981237971215946,-.969093323173057,"p-1","p-1","","layerPEA-L_R2SCAN-RVV10paw600_L4",0.,0,"PEA","L","","~R2SCAN",""
2,1,6.04326156000000,6.04326156000000,3.12056134312542,3.12929603546758,3.14610758756411,-.138004743320714,.525130852630314,2.49634,-.991752335577579,-.640805190336084,6.98064142857143,0.,0.,0.,493.266958188159,625.79,-303.369228433365,625.79,-431.255967215916,-568.327388719857,0.,8.73469234216206,8.73469234216151,8.73469234216229,140.001594085948,7.25902495369969e-013,6.73418372364744e-013,1.93059133114562e-011,1.90224794195037e-012,2.42234182820253e-012,2.56734037062077e-005,-3.5901726,150.454086196973,150.454086196974,22.2833819730147,-73.6667491136505,79.6964193947335,160.983756545044,166.758169674180,193.987440989834,243.341634207205,0,0,-.138004743320714,.525130852630314,-.991752335577579,-.640805190336084,"p21/b11","p21/b11","","layerPEA-y_R2SCAN-RVV10paw600_L4",228.355,0,"PEA","y","","~R2SCAN",""
2,1,5.91326061000000,5.91326061000000,3.1044118086957,3.11534694000203,3.15973871939517,-.525347894015651,.547785227600655,2.80638,-.103432343728641,-1.82663691179746,6.90091571428571,0.,0.,0.,786.942694013954,557.14,-988.011761863469,557.14,-334.559154677111,-529.25836834835,0.,10.9351313063227,10.9351313063227,10.935131306324,91.0921415579571,0.,5.41055774894659e-013,1.03607515231436e-011,7.46727911876187e-013,1.74434778810089e-012,4.39572480681952e-012,3.9277259,143.876049286375,143.876049286375,17.973633715459,-110.536133329451,101.043597807778,-58.0127935012311,173.472016436061,178.837661910567,262.557182316888,0,0,-.525347894015651,.547785227600655,-.103432343728641,-1.82663691179746,"p21/b11","p21/b11","","layerPEA2Br_R2SCAN-RVV10paw600_L4",0.,0,"PEA2Br","","","~R2SCAN",""
2,1,6.01643813500000,6.01643813500000,3.09348963622401,3.09979933731911,3.19310984250233,.967029342377523,-.00218963309739895,2.62908,1.01234526708112,-.978615178585877,6.07760714285714,0.,0.,0.,734.611436099593,13.06,-764.721775217357,13.06,-134.623159343344,-2.09722523835944,0.,6.30970109508744,6.30970109508722,6.30970109508944,51.985418156723,0.,6.94181024664832e-013,1.61685901006048e-011,4.71717801817566e-005,3.04042271041702e-012,4.20794415439973e-005,.5735854,152.549538707089,152.549538707089,67.9189489964793,179.862831263427,34.7820615585267,136.997647877222,187.939396589982,300.548931254316,286.339363932215,0,0,.967029342377523,-.00218963309739895,1.01234526708112,-.978615178585877,"p21/b11","p21/b11","","layerPEA4F_R2SCAN-RVV10paw600_L4",0.,0,"PEA4F","","","~R2SCAN",""
2,1,6.02836773000000,6.02836773000000,3.09452094777656,3.10125077760785,3.19084564815904,.975248614509672,.00355017373322486,2.62099,.976696528587494,-.97836857496526,6.09680857142857,0.,0.,0.,714.28791433474,37.21,-744.05627975902,37.21,-141.196128693744,.897339053091741,0.,6.72982983128267,6.72982983128212,6.72982983128367,50.6932988413175,2.56395024851142e-013,4.0400594968629e-013,1.33371509395208e-011,7.73939632590538e-013,1.6202265968529e-012,3.51572616860667e-005,.5658807,153.301563751768,153.301563751768,68.1460420644975,179.748572817347,35.932260830774,136.563617250868,188.131883088442,299.923836887963,286.168343667596,0,0,.975248614509672,.00355017373322486,.976696528587494,-.97836857496526,"p21/b11","p21/b11","","layerPEA_R2SCAN-RVV10paw600_L4",.475,0,"PEA","","","~R2SCAN",""
2,1,6.03666550000000,6.03666550000000,3.09682372830361,3.10094656198942,3.19058702453314,-.975800345695415,-.00548007868394773,2.60282,-1.00037124434662,.763600971262443,5.97677,0.,0.,0.,700.643488762264,-43.07,-729.330339524078,-43.07,142.123327043458,.514421379809237,0.,4.12283368580291,4.12283368580235,4.12283368580413,50.1812556821983,0.,8.55660361446614e-013,1.43573724853517e-011,2.66653252309481e-005,2.9385394164054e-012,3.50580123021214e-005,.5447782,153.815186662654,153.815186662655,66.9493648729369,-.89787948984819,35.5147936173626,-43.7613118927385,188.280017522977,302.545872358187,104.436027354542,0,0,-.975800345695415,-.00548007868394773,-1.00037124434662,.763600971262443,"p21/b11","p21/b11","","layerTEA_R2SCAN-RVV10paw600_L4",0.,0,"TEA","","","~R2SCAN",""
3,2,6.44428493000000,6.44428493000000,2.94384984554741,3.69928295231374,3.16554834497105,-2.10829556017054,-.820914894214278,2.71000283,-1.2981153975959,-.529062613890643,5.645707512875,-836.869184447769,-885.649529960072,0.,771.929996063043,0.,-915.718042649458,0.,-152.065288701766,187.904012199556,0.,755.433106766337,77.7509626982461,755.433106766338,286.240866082014,613.993139913449,6.59937086464132e-013,2.39859674084728e-011,1.05603274037785e-013,3.53133705037306e-012,3.56631760313828e-012,4.0156024,152.576661472928,154.688756503041,55.1706646270144,18.6499853574202,68.3677439379742,-2.18807101531446,182.951428200313,68.2418427093946,128.192079597256,0,0,-2.10829556017054,-.820914894214278,-1.2981153975959,-.529062613890643,"Pnam:004","Pnma","-x,-y,z+1/2","MBA-rac_Lu20d_AZ_L4",0,250.,"MBA","rac","2","Lu20d","AZ"
3,2,6.46011553500000,6.46011553500000,2.95877093398767,3.72726359089934,3.16492785932847,-.612704918810585,.797514982079838,2.771810972,.15757629734789,1.12916765262113,5.70565102275,666.703536783117,746.412080315498,41.387472,743.250410888159,-10.059455,-870.163168603656,-32.477669,-159.783671314674,179.957061894876,0.,768.492656911669,47.5407665936686,768.492656911671,280.969415823885,627.541205861161,8.83540380585381e-013,1.37505439927798e-011,72.8148355980173,1.97417033708895e-012,72.8148355980177,2.8029865,153.241442088477,153.524402927626,55.4074277211577,19.0996386690205,67.5015748239476,-3.12664161547441,181.829790108744,66.8300460859966,124.823461861024,0,0,-.612704918810585,.797514982079838,.15757629734789,1.12916765262113,"P212121","P212121","-x+1/2,-y,z+1/2","MBA-R_Lu20d_AZ_L4",0,250.,"MBA","R","2","Lu20d","AZ"
3,2,6.46148621000000,6.46148621000000,2.95959612784061,3.72731918765706,3.16359360728218,-.580037146348664,.60536815345564,2.603270605,.279892560069935,.713308263973183,5.504153276875,667.387293680346,746.448620774833,-41.084615,743.673478919973,10.055675,-869.665684830636,31.316245,-139.040486219018,199.874751732635,0.,767.723059816443,47.5410779750705,767.723059816445,280.794701995996,627.176670330457,1.73185302495883e-012,7.61926258705282e-012,81.9216777438541,2.53540475218967e-012,81.9216777438539,2.791604,153.238947597222,153.538523898547,53.8152075775679,-22.8896855352666,68.7102142822828,-10.4533326978382,172.150154578149,287.881644845275,233.579644967318,0,0,-.580037146348664,.60536815345564,.279892560069935,.713308263973183,"P212121","P212121","-x+1/2,-y,z+1/2","MBA-S_Lu20d_AZ_L4",0,250.,"MBA","S","2","Lu20d","AZ"
3,1,6.05613248500000,6.05613248500000,3.14066134672293,3.14837108649757,3.15503922713601,-.417033297203947,.555224611874968,2.7288792165434,-.195068173744664,-1.77342652078272,6.85975385147181,0.,0.,0.,653.418926249526,540.221815052485,-806.595476552578,540.221815052485,-301.838557930644,-542.207723832025,0.,7.70973977463718,7.70973977463674,7.70973977463996,69.6159752850876,0.,4.88161583684659e-013,2.53262694840717e-011,5.28649957079857e-013,2.70271646018721e-012,5.80505360739128e-012,2.9117085,148.716870570758,148.716870570758,18.0396181316735,-116.582263866351,105.003262850018,-57.3686272160177,170.053361249687,176.929913005533,251.579541683821,0,0,-.417033297203947,.555224611874968,-.195068173744664,-1.77342652078272,"P21/b11","P21/c","","PEA2Br_Xu03a_L4",0,293.,"PEA2Br","","1","Xu03a",""
3,1,6.08383859000000,6.08383859000000,3.11003613289552,3.11601474445401,3.1652209714529,.942724168853165,-.0189086938652774,2.58031807604409,1.00624632531326,-.985460009410799,6.02189699218559,0.,0.,0.,661.209894523808,21.3409765687857,-707.282356467111,21.3409765687857,-170.016053610621,-23.2171143133879,0.,5.97861155848012,5.97861155847978,5.97861155848189,64.9962685303572,2.56395024851142e-013,8.86715801229537e-013,9.92739308224091e-012,1.64954251530847e-012,3.91953074946584e-012,4.5816560921575e-012,.8683838,155.460811184551,155.460811184551,68.0001027125994,179.205179194978,34.9054771295505,137.88650585392,188.031624758558,301.265999807773,287.286008181103,0,0,.942724168853165,-.0189086938652774,1.00624632531326,-.985460009410799,"P21/b11","P21/c","","PEA4F_Hossain24_L4",0,90.0,"PEA4F","","1","Hossain24",""
3,1,6.13791658500000,6.13791658500000,3.13297340280288,3.13774029496988,3.18085495327448,.924339921312185,-.0192745756640269,2.61122818989858,.977730392466781,-.958198960783342,6.10009436104267,0.,0.,0.,641.30762432244,26.1122818989858,-694.355482533367,26.1122818989858,-191.16588088191,-26.2715829067164,0.,4.76689216698845,4.76689216698789,4.76689216699011,72.6560409216563,0.,9.55539271906515e-013,3.64938063505348e-011,1.01008670156655e-012,1.77937197654335e-012,1.69984719636645e-011,.9914299,156.374935088878,156.374935088879,66.7979441384074,179.847669008229,36.2795672391374,138.295451870379,187.823759113068,298.789489592514,288.267921168449,0,0,.924339921312185,-.0192745756640269,.977730392466781,-.958198960783342,"P21/b11","P21/c","","PEA4F_Mitzi01_L4",0,293.,"PEA4F","","1","Mitzi01",""
3,2,6.08812582500000,6.14124138000000,3.1151254379475,3.14042460252687,3.1671794977796,.940098164173131,-.00907566572641727,2.59832747960136,.900208375823767,-1.03187177543171,6.06233439485259,0.,0.,0.,667.937049632224,45.1210428112367,-645.953716276033,41.2535248559878,-170.483143513247,-36.140468086573,-53.11555500000,21.1669409597188,21.1669409597181,4.89840739958636,59.9891012674753,3.62597321469472e-013,1.16054599554469e-012,37.1677946598845,6.63042689906761e-013,1.93649788282643e-012,65.2633864018079,.112641e-1,155.193575736517,156.214796500502,66.7278449832055,176.678468677486,35.5200990731884,138.947530217818,185.962258741616,298.068176514653,290.173051781867,0,0,.940098164173131,-.00907566572641727,.900208375823767,-1.03187177543171,"P-1","P-1","-y+1,-x+1/2,-z+1/2","PEA_Gao19a_AZ_L4",0,150.,"PEA","","2","Gao19a","AZ"
3,2,6.13452946500000,6.08154629000000,3.11032734793496,3.13559885965124,3.16171751599465,.967395751691204,-.0185312839277789,2.5702602551557,.957841563272397,-1.02908093418962,6.02550680764235,0.,0.,0.,638.156560087931,49.3541246002466,-666.178975187826,49.6746059288197,-172.144746635341,-24.6680430671771,52.98317500000,20.7468540342289,20.7468540342286,4.52626243936916,57.5237133953655,0.,7.93710083823505e-013,39.3319443914512,7.54741711435048e-013,1.68382372984145e-012,76.5492699386467,.616881e-1,155.33647019085,156.425862388142,67.8601058288324,176.878981100493,34.6396351655374,131.495912009117,183.833950847324,299.066300592814,287.374951305408,0,0,.967395751691204,-.0185312839277789,.957841563272397,-1.02908093418962,"P-1","P-1","y,x+1/2,-z+1/2","PEA_Hossain24_L4",0,100.0,"PEA","","2","Hossain24",""
3,1,6.12855536500000,6.08060984000000,3.11347847703757,3.13148167365912,3.15867812742491,.917978708953062,-.00992283469446198,2.57924641950478,.924227678958181,-.994973642133066,6.00671522539379,0.,0.,0.,642.385162202558,-1.12210844851047,-670.031934533233,50.9757838037613,-78.9620882136838,-95.5607080689715,47.94552500000,17.3831336911094,17.383133691109,1.18798030968748,43.4203450011642,0.,8.60273607617485e-013,114.847507616482,1.06688468885949e-012,3.67543232686321e-012,848.19291993403,.152647e-1,155.102721586305,156.320277808532,67.1315962907284,178.724414188938,33.6159385552781,133.734664117373,181.208352708633,297.936919008353,286.529804458349,0,0,.917978708953062,-.00992283469446198,.924227678958181,-.994973642133066,"P-1","P-1","","PEA_Sheikh20_AZ_L4",0,296.0,"PEA","","1","Sheikh20","AZ"
3,2,6.13579225500000,6.08375379500000,3.11035529099342,3.13670953633866,3.15678408562817,.952152337887037,-.0241185859199162,2.58229626720041,.955704788114713,-1.01613347154766,6.01772976269956,0.,0.,0.,636.216066619374,46.1353179251686,-664.674471460746,51.9022326658146,-183.302923574421,-30.0677056708591,52.03846000000,20.3586770614368,20.3586770614366,6.39858679560845,58.9756909106679,2.56395024851142e-013,7.72609821867817e-013,38.1699759685335,7.47709803045737e-013,3.954022731391e-012,130.012602246127,.822273e-1,155.432138183629,156.508449242454,67.5790969250291,179.990678778519,35.1620123473753,135.477865386539,178.290983575233,295.347227219402,288.631820963024,0,0,.952152337887037,-.0241185859199162,.955704788114713,-1.01613347154766,"P-1","P-1","y+1/2,x,-z+1/2","PEA_Zhang22e_125K_L4",0,125.,"PEA","","2","Zhang22e","125K"
3,2,6.06470353000000,6.08824765500000,3.10292112084814,3.11629022407011,3.17518517833711,.927105963172624,-.0186759921095119,2.58831052952213,.84743467227979,-.893876308054613,5.97307582602195,0.,0.,0.,665.551781774804,38.9545062971558,-663.636940990373,29.9887865938421,-167.457548110417,-54.5818189019331,-23.54412500000,10.6365980058026,10.636598005802,3.70976172376736,58.6329394112239,5.12790049702284e-013,9.12598655279446e-013,21.333604920487,7.81580256213808e-013,1.72679351799037e-012,60.1744160955694,.313369e-1,155.200530683044,155.438659238895,67.2237404946784,176.311758508316,35.8729436377351,135.753925048363,179.983168810049,299.993484630899,107.150426156574,0,0,.927105963172624,-.0186759921095119,.84743467227979,-.893876308054613,"P-1","P-1","y,x+1/2,-z+1/2","TEA_Lin19d_AZ_L4",0,120.,"TEA","","2","Lin19d","AZ"
